{
    "stops": {
        "Jhajjar": [
            28.59644605,
            76.65053662578484
        ],
        "Majra": [
            26.30925955,
            77.79668134684272
        ]
    }
}