{
    "stops": {
        "PHC, Chhuchakwas, Chuchakwas, Matenhail, Haryana, 124106, India": [
            28.604639,
            76.51365
        ],
        "Jhajjar, Jhajjar, Haryana, 124104, India": [
            28.5961508,
            76.70471015
        ],
        "Bahadurgarh, Haryana, India": [
            28.660964800000002,
            76.83467647083376
        ]
    }
}